,title,audio,tags
0,          Seagull Ambience      ,https://audio-previews.elements.envatousercontent.com/files/227493802/preview.mp3?response-content-disposition=attachment%3B+filename%3D%22R8EVHD3-seagull-ambience.mp3%22,[]
1,          Underwater Ambience       ,https://audio-previews.elements.envatousercontent.com/files/187799459/preview.mp3?response-content-disposition=attachment%3B+filename%3D%22ATMSUWX-underwater-ambience.mp3%22,[]
2,          Refrigerator Ambience      ,https://audio-previews.elements.envatousercontent.com/files/106610708/preview.mp3?response-content-disposition=attachment%3B+filename%3D%22M3TBNJW-refrigerator-ambience.mp3%22,[]
3,          Farm animals in the morning      ,https://assets.mixkit.co/sfx/preview/mixkit-farm-animals-in-the-morning-7.mp3,"['Chicken', 'Horse', 'Cow', 'Bird', 'Farm', 'Ambience', 'Morning', 'Animals', 'Bird', 'Farm', 'Ambience', 'Morning', 'Animals']"
4,          Meadow birds isolated      ,https://assets.mixkit.co/sfx/preview/mixkit-meadow-birds-isolated-28.mp3,"['Ambience', 'Animals', 'Bird']"
5,          Crickets and insects in the wild ambience      ,https://assets.mixkit.co/sfx/preview/mixkit-crickets-and-insects-in-the-wild-ambience-39.mp3,"['Crickets', 'Ambience', 'Wild', 'Insect', 'Insect']"
6,"          Insects, birds and frogs in the swamp ambience      ",https://assets.mixkit.co/sfx/preview/mixkit-insects-birds-and-frogs-in-the-swamp-ambience-40.mp3,"['Water', 'Ambience', 'Insect']"
7,          Natural ambience with flowing water and birds      ,https://assets.mixkit.co/sfx/preview/mixkit-natural-ambience-with-flowing-water-and-birds-61.mp3,"['Water', 'Animals', 'Ambience', 'Bird', 'Bird']"
8,          Forest birds chirp ambiance      ,https://assets.mixkit.co/sfx/preview/mixkit-forest-birds-chirp-ambiance-69.mp3,"['Animals', 'Ambience', 'Forest', 'Bird', 'Forest', 'Bird']"
9,          Pigeon coo ambiance sounds      ,https://assets.mixkit.co/sfx/preview/mixkit-pigeon-coo-ambiance-sounds-74.mp3,"['Ambience', 'Animals', 'Bird']"
10,          Purgatory dark moaning and pain      ,https://assets.mixkit.co/sfx/preview/mixkit-purgatory-dark-moaning-and-pain-293.mp3,"['Ambience', 'Voices']"
11,          Psychedelic fantasy voices      ,https://assets.mixkit.co/sfx/preview/mixkit-psychedelic-fantasy-voices-295.mp3,"['Ambience', 'Choir', 'Magic', 'Voices', 'Voices']"
12,          Swamp and jungle birds ambience      ,https://assets.mixkit.co/sfx/preview/mixkit-swamp-and-jungle-birds-ambience-325.mp3,"['Jungle', 'Wild', 'Bird', 'Ambience', 'Ambience']"
13,          Urban square atmosphere      ,https://assets.mixkit.co/sfx/preview/mixkit-urban-square-atmosphere-346.mp3,"['Walk', 'Public Places', 'Ambience', 'Ambience']"
14,          Urban street and kids      ,https://assets.mixkit.co/sfx/preview/mixkit-urban-street-and-kids-347.mp3,"['Ambience', 'Public Places']"
15,          People bathing in the sea ambience      ,https://assets.mixkit.co/sfx/preview/mixkit-people-bathing-in-the-sea-ambience-348.mp3,"['Public Places', 'Beach', 'Ambience', 'Ambience']"
16,          Screaming people at mechanical game fair      ,https://assets.mixkit.co/sfx/preview/mixkit-screaming-people-at-mechanical-game-fair-349.mp3,"['Public Places', 'Scream', 'Voices', 'Ambience', 'Voices', 'Ambience']"
17,          People coming into church      ,https://assets.mixkit.co/sfx/preview/mixkit-people-coming-into-church-350.mp3,"['Public Places', 'Ambience']"
18,          People at the supermarket ambience      ,https://assets.mixkit.co/sfx/preview/mixkit-people-at-the-supermarket-ambience-352.mp3,"['Lifestyle', 'Supermarket', 'Public Places', 'Ambience', 'Public Places', 'Ambience']"
19,          Street ambien with Carriage and people      ,https://assets.mixkit.co/sfx/preview/mixkit-street-ambien-with-carriage-and-people-353.mp3,"['Ambience', 'Movie', 'Public Places', 'Public Places']"
20,          Audience light applause      ,https://assets.mixkit.co/sfx/preview/mixkit-audience-light-applause-354.mp3,"['Crowd', 'Applause', 'Ambience', 'Public Places', 'Ambience', 'Public Places']"
21,          Restaurant party crowd loop      ,https://assets.mixkit.co/sfx/preview/mixkit-restaurant-party-crowd-loop-355.mp3,"['Public Places', 'Ambience', 'Restaurant', 'Restaurant']"
22,          Walking big crowd indoor      ,https://assets.mixkit.co/sfx/preview/mixkit-walking-big-crowd-indoor-356.mp3,"['Walk', 'Public Places', 'Ambience', 'Movie', 'Ambience', 'Movie']"
23,          Airport departures hall      ,https://assets.mixkit.co/sfx/preview/mixkit-airport-departures-hall-357.mp3,"['Movie', 'Ambience', 'Airport']"
24,          Walking crowd at subway station loop      ,https://assets.mixkit.co/sfx/preview/mixkit-walking-crowd-at-subway-station-loop-358.mp3,"['Public Places', 'City', 'Ambience', 'Ambience']"
25,          Very crowded pub or party loop      ,https://assets.mixkit.co/sfx/preview/mixkit-very-crowded-pub-or-party-loop-360.mp3,"['Public Places', 'Ambience', 'Restaurant', 'Crowd', 'Bar', 'Party', 'Restaurant', 'Crowd', 'Bar', 'Party']"
26,          City downtown crowd ambience      ,https://assets.mixkit.co/sfx/preview/mixkit-city-downtown-crowd-ambience-361.mp3,"['Public Places', 'Crowd', 'Ambience', 'Ambience']"
27,"          Stadium chaotic loud applause, drums and chants      ",https://assets.mixkit.co/sfx/preview/mixkit-stadium-chaotic-loud-applause-drums-and-chants-363.mp3,"['Ambience', 'Public Places', 'Crowd', 'Sports', 'Crowd', 'Sports']"
28,          Big crowd talking loop      ,https://assets.mixkit.co/sfx/preview/mixkit-big-crowd-talking-loop-364.mp3,"['Ambience', 'Public Places', 'Crowd', 'Crowd']"
29,          Hotel conversation and laughter with dining noise      ,https://assets.mixkit.co/sfx/preview/mixkit-hotel-conversation-and-laughter-with-dining-noise-366.mp3,"['Public Places', 'Restaurant', 'Ambience', 'Voices', 'Ambience', 'Voices']"
30,          Calm park with people and children      ,https://assets.mixkit.co/sfx/preview/mixkit-calm-park-with-people-and-children-367.mp3,"['Public Places', 'Ambience', 'Children', 'Children']"
31,          People in fair ambience and laughter      ,https://assets.mixkit.co/sfx/preview/mixkit-people-in-fair-ambience-and-laughter-368.mp3,"['Happy', 'Crowd', 'Public Places', 'Ambience', 'Laugh', 'Public Places', 'Ambience', 'Laugh']"
32,          Urban city sounds and light car traffic      ,https://assets.mixkit.co/sfx/preview/mixkit-urban-city-sounds-and-light-car-traffic-369.mp3,"['Car', 'Public Places', 'Ambience', 'Ambience']"
33,          Rain and traffic with church bells in the distance      ,https://assets.mixkit.co/sfx/preview/mixkit-rain-and-traffic-with-church-bells-in-the-distance-370.mp3,"['Traffic', 'Church Bell', 'Public Places', 'Ambience', 'Public Places', 'Ambience']"
34,          Sub urban ambience and birds      ,https://assets.mixkit.co/sfx/preview/mixkit-sub-urban-ambience-and-birds-371.mp3,"['Traffic', 'Public Places', 'Bird', 'Ambience', 'Ambience']"
35,          Park playground with kids      ,https://assets.mixkit.co/sfx/preview/mixkit-park-playground-with-kids-372.mp3,"['Voices', 'Ambience', 'Public Places', 'Children', 'Public Places', 'Children']"
36,          Subway station escalator      ,https://assets.mixkit.co/sfx/preview/mixkit-subway-station-escalator-373.mp3,"['Public Places', 'Ambience']"
37,          Subway station escalator hum      ,https://assets.mixkit.co/sfx/preview/mixkit-subway-station-escalator-hum-374.mp3,"['Ambience', 'Public Places', 'Voices', 'Voices']"
38,          Street ambience with walking people      ,https://assets.mixkit.co/sfx/preview/mixkit-street-ambience-with-walking-people-375.mp3,"['Public Places', 'Ambience', 'Footsteps', 'Footsteps']"
39,          Seagull Ambience      ,https://audio-previews.elements.envatousercontent.com/files/227493802/preview.mp3?response-content-disposition=attachment%3B+filename%3D%22R8EVHD3-seagull-ambience.mp3%22,[]
40,          Underwater Ambience       ,https://audio-previews.elements.envatousercontent.com/files/187799459/preview.mp3?response-content-disposition=attachment%3B+filename%3D%22ATMSUWX-underwater-ambience.mp3%22,[]
41,          Refrigerator Ambience      ,https://audio-previews.elements.envatousercontent.com/files/106610708/preview.mp3?response-content-disposition=attachment%3B+filename%3D%22M3TBNJW-refrigerator-ambience.mp3%22,[]
42,          Shopping center crowd      ,https://assets.mixkit.co/sfx/preview/mixkit-shopping-center-crowd-377.mp3,"['Public Places', 'Ambience', 'Crowd', 'Supermarket', 'Crowd', 'Supermarket']"
43,          Chanting sports crowd      ,https://assets.mixkit.co/sfx/preview/mixkit-chanting-sports-crowd-433.mp3,"['Ambience', 'Crowd', 'Sports']"
44,          Shopping mall ambience crowd      ,https://assets.mixkit.co/sfx/preview/mixkit-shopping-mall-ambience-crowd-434.mp3,"['Public Places', 'Crowd', 'Ambience', 'Ambience']"
45,          Tourists crowd at sightseeing location      ,https://assets.mixkit.co/sfx/preview/mixkit-tourists-crowd-at-sightseeing-location-435.mp3,"['Ambience', 'Voices', 'Public Places', 'Crowd', 'Public Places', 'Crowd']"
46,          Whistling stadium crowd      ,https://assets.mixkit.co/sfx/preview/mixkit-whistling-stadium-crowd-436.mp3,"['Public Places', 'Ambience', 'Sports', 'Sports']"
47,          Crowd chanting at stadium      ,https://assets.mixkit.co/sfx/preview/mixkit-crowd-chanting-at-stadium-438.mp3,"['Sports', 'Public Places', 'Crowd', 'Ambience', 'Crowd', 'Ambience']"
48,          Restaurant crowd talking ambience      ,https://assets.mixkit.co/sfx/preview/mixkit-restaurant-crowd-talking-ambience-444.mp3,"['Crowd', 'Voices', 'Restaurant', 'Ambience', 'Ambience']"
49,          Office ambience      ,https://assets.mixkit.co/sfx/preview/mixkit-office-ambience-447.mp3,"['Phone Ring', 'Keyboard', 'Office', 'Ambience', 'Office', 'Ambience']"
50,          Loud children crowd outdoors      ,https://assets.mixkit.co/sfx/preview/mixkit-loud-children-crowd-outdoors-448.mp3,"['Public Places', 'Ambience', 'Voices', 'Children', 'Crowd', 'Voices', 'Children', 'Crowd']"
51,          Sports crowd background      ,https://assets.mixkit.co/sfx/preview/mixkit-sports-crowd-background-451.mp3,"['Crowd', 'Ambience', 'Sports']"
52,          Hotel restaurant ambience and footsteps      ,https://assets.mixkit.co/sfx/preview/mixkit-hotel-restaurant-ambience-and-footsteps-452.mp3,"['Restaurant', 'Ambience', 'Crowd', 'Crowd']"
53,          Hotel lobby with dining area ambience      ,https://assets.mixkit.co/sfx/preview/mixkit-hotel-lobby-with-dining-area-ambience-453.mp3,"['Voices', 'Crowd', 'Restaurant', 'Ambience', 'Ambience']"
54,          Hotel reception and restaurant      ,https://assets.mixkit.co/sfx/preview/mixkit-hotel-reception-and-restaurant-454.mp3,"['Ambience', 'Crowd', 'Restaurant', 'Voices', 'Restaurant', 'Voices']"
55,          Male crowd whispering voices      ,https://assets.mixkit.co/sfx/preview/mixkit-male-crowd-whispering-voices-455.mp3,"['Ambience', 'Crowd', 'Voices']"
56,          Male crowd cheering and whistling      ,https://assets.mixkit.co/sfx/preview/mixkit-male-crowd-cheering-and-whistling-457.mp3,"['Happy', 'Ambience', 'Crowd']"
57,          Angry male crowd ambience      ,https://assets.mixkit.co/sfx/preview/mixkit-angry-male-crowd-ambience-458.mp3,"['Happy', 'Voices', 'Crowd', 'Ambience', 'Ambience']"
58,          Male crowd cheering short      ,https://assets.mixkit.co/sfx/preview/mixkit-male-crowd-cheering-short-459.mp3,"['Happy', 'Bar', 'Ambience', 'Sports', 'Crowd', 'Sports', 'Crowd']"
59,          Big army crowd marching      ,https://assets.mixkit.co/sfx/preview/mixkit-big-army-crowd-marching-461.mp3,"['Warfare', 'Crowd', 'Footsteps', 'War', 'Ambience', 'Footsteps', 'War', 'Ambience']"
60,          Huge crowd cheering victory      ,https://assets.mixkit.co/sfx/preview/mixkit-huge-crowd-cheering-victory-462.mp3,"['Voices', 'Sports', 'Ambience', 'Crowd', 'Win', 'Crowd', 'Win']"
61,          Cinematic mystery heartbeat transition      ,https://assets.mixkit.co/sfx/preview/mixkit-cinematic-mystery-heartbeat-transition-492.mp3,"['Drum', 'Ambience', 'Movie', 'Cinematic', 'Heartbeat', 'Cinematic', 'Heartbeat']"
62,          Applause ambience loop      ,https://assets.mixkit.co/sfx/preview/mixkit-applause-ambience-loop-513.mp3,"['Cheer', 'Crowd', 'Applause', 'Ambience', 'Ambience']"
63,          Drumming atmospheric      ,https://assets.mixkit.co/sfx/preview/mixkit-drumming-atmospheric-570.mp3,"['Ambience', 'Drum', 'Stomp']"
64,          Suburb church bell      ,https://assets.mixkit.co/sfx/preview/mixkit-suburb-church-bell-618.mp3,"['Ambience', 'Church Bell']"
65,          Suburb nightfall church bell and dog barking      ,https://assets.mixkit.co/sfx/preview/mixkit-suburb-nightfall-church-bell-and-dog-barking-620.mp3,"['Dog', 'Church Bell', 'Ambience', 'Ambience']"
66,          Church bells and countryside ambience      ,https://assets.mixkit.co/sfx/preview/mixkit-church-bells-and-countryside-ambience-622.mp3,"['Bird', 'Church Bell', 'Ambience', 'Ambience']"
67,          Small military parade marching troops      ,https://assets.mixkit.co/sfx/preview/mixkit-small-military-parade-marching-troops-630.mp3,"['Ambience', 'Footsteps', 'Orchestra', 'Orchestra']"
68,          Cutting trees with chainsaw ambiance and axe hits      ,https://assets.mixkit.co/sfx/preview/mixkit-cutting-trees-with-chainsaw-ambiance-and-axe-hits-796.mp3,"['Construction', 'Hit', 'Ambience', 'Ambience']"
69,          Wooden construction assembly ambience      ,https://assets.mixkit.co/sfx/preview/mixkit-wooden-construction-assembly-ambience-797.mp3,"['Ambience', 'Construction', 'Tools', 'Wood', 'Tools', 'Wood']"
70,          Road construction with reverse truck alert ambiance      ,https://assets.mixkit.co/sfx/preview/mixkit-road-construction-with-reverse-truck-alert-ambiance-799.mp3,"['Alerts', 'Construction', 'Truck', 'Ambience', 'Ambience']"
71,          Construction place and bulldozer ambiance      ,https://assets.mixkit.co/sfx/preview/mixkit-construction-place-and-bulldozer-ambiance-800.mp3,"['Truck', 'Construction', 'Ambience', 'Ambience']"
72,          Construction site indoors ambiance      ,https://assets.mixkit.co/sfx/preview/mixkit-construction-site-indoors-ambiance-801.mp3,"['Construction', 'Ambience']"
73,          Construction machine motor passing      ,https://assets.mixkit.co/sfx/preview/mixkit-construction-machine-motor-passing-802.mp3,"['Ambience', 'Truck', 'Construction', 'Construction']"
74,          Construction place machinery ambience      ,https://assets.mixkit.co/sfx/preview/mixkit-construction-place-machinery-ambience-803.mp3,"['Tools', 'Construction', 'Ambience', 'Ambience']"
75,          Construction truck loading dirt      ,https://assets.mixkit.co/sfx/preview/mixkit-construction-truck-loading-dirt-804.mp3,"['Ambience', 'Construction']"
76,          Pavement construction ambience loop      ,https://assets.mixkit.co/sfx/preview/mixkit-pavement-construction-ambience-loop-806.mp3,"['Ambience', 'Construction']"
77,          Road construction ambience loop      ,https://assets.mixkit.co/sfx/preview/mixkit-road-construction-ambience-loop-807.mp3,"['Construction', 'Ambience']"
78,          Seagull Ambience      ,https://audio-previews.elements.envatousercontent.com/files/227493802/preview.mp3?response-content-disposition=attachment%3B+filename%3D%22R8EVHD3-seagull-ambience.mp3%22,[]
79,          Underwater Ambience       ,https://audio-previews.elements.envatousercontent.com/files/187799459/preview.mp3?response-content-disposition=attachment%3B+filename%3D%22ATMSUWX-underwater-ambience.mp3%22,[]
80,          Refrigerator Ambience      ,https://audio-previews.elements.envatousercontent.com/files/106610708/preview.mp3?response-content-disposition=attachment%3B+filename%3D%22M3TBNJW-refrigerator-ambience.mp3%22,[]
81,          Urban construction site ambiance      ,https://assets.mixkit.co/sfx/preview/mixkit-urban-construction-site-ambiance-819.mp3,"['Truck', 'Construction', 'Ambience', 'Ambience']"
82,          Large talking crowd ambience      ,https://assets.mixkit.co/sfx/preview/mixkit-large-talking-crowd-ambience-981.mp3,"['Voices', 'Ambience', 'Party']"
83,          Sea waves ambience      ,https://assets.mixkit.co/sfx/preview/mixkit-sea-waves-ambience-1189.mp3,"['Water', 'Sea', 'Ambience']"
84,          Distant sea humming ambiance      ,https://assets.mixkit.co/sfx/preview/mixkit-distant-sea-humming-ambiance-1191.mp3,"['Beach', 'Sea', 'Ambience']"
85,          Beach waves with children ambience      ,https://assets.mixkit.co/sfx/preview/mixkit-beach-waves-with-children-ambience-1193.mp3,"['Beach', 'Waves', 'Sea', 'Ambience', 'Ambience']"
86,          Stormy sea ambience      ,https://assets.mixkit.co/sfx/preview/mixkit-stormy-sea-ambience-1197.mp3,"['Wind', 'Sea', 'Ambience']"
87,          Forest birds ambience      ,https://assets.mixkit.co/sfx/preview/mixkit-forest-birds-ambience-1210.mp3,"['Forest', 'Bird', 'Ambience']"
88,          Forest birds singing      ,https://assets.mixkit.co/sfx/preview/mixkit-forest-birds-singing-1212.mp3,"['Forest', 'Ambience', 'Animals', 'Bird', 'Animals', 'Bird']"
89,          European forest ambience      ,https://assets.mixkit.co/sfx/preview/mixkit-european-forest-ambience-1213.mp3,"['Bird', 'Ambience', 'Forest']"
90,          Spring forest with woodpeckers      ,https://assets.mixkit.co/sfx/preview/mixkit-spring-forest-with-woodpeckers-1217.mp3,"['Ambience', 'Bird', 'Forest']"
91,          European spring forest ambience      ,https://assets.mixkit.co/sfx/preview/mixkit-european-spring-forest-ambience-1219.mp3,"['Bird', 'Forest', 'Ambience']"
92,          Quiet forest ambience      ,https://assets.mixkit.co/sfx/preview/mixkit-quiet-forest-ambience-1220.mp3,"['Ambience', 'Forest']"
93,          Forest near countryside farm      ,https://assets.mixkit.co/sfx/preview/mixkit-forest-near-countryside-farm-1221.mp3,"['Farm', 'Bird', 'Ambience']"
94,          Forest ambience loop      ,https://assets.mixkit.co/sfx/preview/mixkit-forest-ambience-loop-1228.mp3,"['Forest', 'Ambience']"
95,          Birds in the spring forest      ,https://assets.mixkit.co/sfx/preview/mixkit-birds-in-the-spring-forest-1234.mp3,"['Ambience', 'Bird', 'Forest']"
96,          Forest with birds singing      ,https://assets.mixkit.co/sfx/preview/mixkit-forest-with-birds-singing-1235.mp3,"['Forest', 'Bird', 'Ambience']"
97,          Birds in forest loop      ,https://assets.mixkit.co/sfx/preview/mixkit-birds-in-forest-loop-1239.mp3,"['Bird', 'Forest', 'Ambience']"
98,          Intense downpour loop      ,https://assets.mixkit.co/sfx/preview/mixkit-intense-downpour-loop-1244.mp3,"['Ambience', 'Rain']"
99,          Long rain ambience      ,https://assets.mixkit.co/sfx/preview/mixkit-long-rain-ambience-1247.mp3,"['Rain', 'Ambience']"
100,          Light rain looping      ,https://assets.mixkit.co/sfx/preview/mixkit-light-rain-looping-1249.mp3,"['Ambience', 'Rain']"
101,          Rain loop      ,https://assets.mixkit.co/sfx/preview/mixkit-rain-loop-1250.mp3,"['Ambience', 'Rain']"
102,          Light rain on pavement      ,https://assets.mixkit.co/sfx/preview/mixkit-light-rain-on-pavement-1251.mp3,"['Ambience', 'Rain']"
103,          Intense rain in a calm night      ,https://assets.mixkit.co/sfx/preview/mixkit-intense-rain-in-a-calm-night-1252.mp3,"['Ambience', 'Rain']"
104,          Light rain loop      ,https://assets.mixkit.co/sfx/preview/mixkit-light-rain-loop-1253.mp3,"['Happy', 'Ambience', 'Rain']"
105,          Tropical rain storm      ,https://assets.mixkit.co/sfx/preview/mixkit-tropical-rain-storm-1255.mp3,"['Ambience', 'Rain']"
106,          Rain and thunder crash      ,https://assets.mixkit.co/sfx/preview/mixkit-rain-and-thunder-crash-1258.mp3,"['Ambience', 'Rain', 'Thunder']"
107,          Heavy rain and thunder ambience      ,https://assets.mixkit.co/sfx/preview/mixkit-heavy-rain-and-thunder-ambience-1259.mp3,"['Thunder', 'Rain', 'Ambience']"
108,          Heavy rain ambience      ,https://assets.mixkit.co/sfx/preview/mixkit-heavy-rain-ambience-1262.mp3,"['Rain', 'Ambience']"
109,          Rain splashing      ,https://assets.mixkit.co/sfx/preview/mixkit-rain-splashing-1264.mp3,"['Splash', 'Ambience', 'Rain']"
110,          Campfire burning crackles      ,https://assets.mixkit.co/sfx/preview/mixkit-campfire-burning-crackles-1329.mp3,"['Ambience', 'Fire']"
111,          People in airport ambience      ,https://assets.mixkit.co/sfx/preview/mixkit-people-in-airport-ambience-1567.mp3,"['Airport', 'Ambience']"
112,          Old train departure      ,https://assets.mixkit.co/sfx/preview/mixkit-old-train-departure-1628.mp3,"['Train', 'Ambience']"
113,          Campfire night wind      ,https://assets.mixkit.co/sfx/preview/mixkit-campfire-night-wind-1736.mp3,"['Ambience', 'Fire', 'Wild']"
114,          Pig sty ambience      ,https://assets.mixkit.co/sfx/preview/mixkit-pig-sty-ambience-1753.mp3,"['Animals', 'Ambience', 'Farm']"
115,          Barn with cows and birds ambience      ,https://assets.mixkit.co/sfx/preview/mixkit-barn-with-cows-and-birds-ambience-1755.mp3,"['Bird', 'Animals', 'Cow', 'Farm', 'Ambience', 'Farm', 'Ambience']"
116,          Hens and rooster ambience      ,https://assets.mixkit.co/sfx/preview/mixkit-hens-and-rooster-ambience-1756.mp3,"['Animals', 'Ambience', 'Farm']"
117,          Seagull Ambience      ,https://audio-previews.elements.envatousercontent.com/files/227493802/preview.mp3?response-content-disposition=attachment%3B+filename%3D%22R8EVHD3-seagull-ambience.mp3%22,[]
118,          Underwater Ambience       ,https://audio-previews.elements.envatousercontent.com/files/187799459/preview.mp3?response-content-disposition=attachment%3B+filename%3D%22ATMSUWX-underwater-ambience.mp3%22,[]
119,          Refrigerator Ambience      ,https://audio-previews.elements.envatousercontent.com/files/106610708/preview.mp3?response-content-disposition=attachment%3B+filename%3D%22M3TBNJW-refrigerator-ambience.mp3%22,[]
120,          Monster crickets ambience      ,https://assets.mixkit.co/sfx/preview/mixkit-monster-crickets-ambience-1779.mp3,"['Ambience', 'Crickets']"
121,          Night crickets near the swamp      ,https://assets.mixkit.co/sfx/preview/mixkit-night-crickets-near-the-swamp-1782.mp3,"['Ambience', 'Night', 'Crickets']"
122,          Pond ambience with crickets      ,https://assets.mixkit.co/sfx/preview/mixkit-pond-ambience-with-crickets-1783.mp3,"['Night', 'Ambience', 'Crickets']"
123,          River shore with crickets ambience      ,https://assets.mixkit.co/sfx/preview/mixkit-river-shore-with-crickets-ambience-1784.mp3,"['Crickets', 'Ambience']"
124,          River shore insect noise      ,https://assets.mixkit.co/sfx/preview/mixkit-river-shore-insect-noise-1785.mp3,"['Ambience', 'Rivers', 'Crickets']"
125,          Summer night crickets      ,https://assets.mixkit.co/sfx/preview/mixkit-summer-night-crickets-1787.mp3,"['Ambience', 'Night', 'Crickets']"
126,          Summer crickets loop      ,https://assets.mixkit.co/sfx/preview/mixkit-summer-crickets-loop-1788.mp3,"['Ambience', 'Night', 'Crickets']"
127,          Summer night crickets loop      ,https://assets.mixkit.co/sfx/preview/mixkit-summer-night-crickets-loop-1789.mp3,"['Night', 'Ambience', 'Crickets']"
128,          Shower indoor ambience      ,https://assets.mixkit.co/sfx/preview/mixkit-shower-indoor-ambience-1874.mp3,"['Bathroom', 'Ambience']"
129,          Bedroom ambience with wall clock      ,https://assets.mixkit.co/sfx/preview/mixkit-bedroom-ambience-with-wall-clock-1900.mp3,"['Ambience', 'Bedroom']"
130,          Asteroid space atmosphere      ,https://assets.mixkit.co/sfx/preview/mixkit-asteroid-space-atmosphere-2004.mp3,"['Asteroid', 'Ambience']"
131,          Space void ambiance      ,https://assets.mixkit.co/sfx/preview/mixkit-space-void-ambiance-2006.mp3,"['Asteroid', 'Ambience']"
132,          Children playing indoors      ,https://assets.mixkit.co/sfx/preview/mixkit-children-playing-indoors-2253.mp3,"['Happy', 'Ambience', 'Laugh', 'Children', 'Children']"
133,          Children voices in school      ,https://assets.mixkit.co/sfx/preview/mixkit-children-voices-in-school-2254.mp3,"['Happy', 'Voices', 'Ambience', 'Laugh', 'Children', 'Laugh', 'Children']"
134,          Busy park playground with kids playing      ,https://assets.mixkit.co/sfx/preview/mixkit-busy-park-playground-with-kids-playing-2264.mp3,"['Ambience', 'Voices', 'Human', 'Laugh', 'Children', 'Laugh', 'Children']"
135,          Playground with kids playing      ,https://assets.mixkit.co/sfx/preview/mixkit-playground-with-kids-playing-2266.mp3,"['Ambience', 'Voices', 'Human', 'Children', 'Children']"
136,          Thunderstorm and rain      ,https://assets.mixkit.co/sfx/preview/mixkit-thunderstorm-and-rain-2391.mp3,"['Ambience', 'Thunder', 'Nature', 'Rain', 'Storm', 'Nature', 'Rain', 'Storm']"
137,          Jungle rain and birds      ,https://assets.mixkit.co/sfx/preview/mixkit-jungle-rain-and-birds-2392.mp3,"['Ambience', 'Bird', 'Nature', 'Rain', 'Storm', 'Rain', 'Storm']"
138,          Light rain loop      ,https://assets.mixkit.co/sfx/preview/mixkit-light-rain-loop-2393.mp3,"['Splash', 'Ambience', 'Nature', 'Rain', 'Storm', 'Rain', 'Storm']"
139,          Rain long loop      ,https://assets.mixkit.co/sfx/preview/mixkit-rain-long-loop-2394.mp3,"['Happy', 'Ambience', 'Nature', 'Rain', 'Storm', 'Rain', 'Storm']"
140,          Thunder rumble during a storm      ,https://assets.mixkit.co/sfx/preview/mixkit-thunder-rumble-during-a-storm-2395.mp3,"['Ambience', 'Thunder', 'Nature', 'Rain', 'Storm', 'Nature', 'Rain', 'Storm']"
141,          Heavy rain drops      ,https://assets.mixkit.co/sfx/preview/mixkit-heavy-rain-drops-2399.mp3,"['Drop', 'Ambience', 'Nature', 'Rain', 'Storm', 'Rain', 'Storm']"
142,          Heavy storm rain loop      ,https://assets.mixkit.co/sfx/preview/mixkit-heavy-storm-rain-loop-2400.mp3,"['Ambience', 'Thunder', 'Nature', 'Rain', 'Storm', 'Nature', 'Rain', 'Storm']"
143,          Thunder rumble and light rain      ,https://assets.mixkit.co/sfx/preview/mixkit-thunder-rumble-and-light-rain-2401.mp3,"['Ambience', 'Thunder', 'Nature', 'Rain', 'Storm', 'Nature', 'Rain', 'Storm']"
144,          Thunderstorm and rain loop      ,https://assets.mixkit.co/sfx/preview/mixkit-thunderstorm-and-rain-loop-2402.mp3,"['Ambience', 'Thunder', 'Nature', 'Rain', 'Storm', 'Nature', 'Rain', 'Storm']"
145,          Heavy rain      ,https://assets.mixkit.co/sfx/preview/mixkit-heavy-rain-2403.mp3,"['Ambience', 'Nature', 'Rain', 'Storm', 'Storm']"
146,          Evil storm atmosphere      ,https://assets.mixkit.co/sfx/preview/mixkit-evil-storm-atmosphere-2404.mp3,"['Ambience', 'Nature', 'Rain', 'Storm', 'Storm']"
147,          Heavy rain and thunder in background      ,https://assets.mixkit.co/sfx/preview/mixkit-heavy-rain-and-thunder-in-background-2406.mp3,"['Ambience', 'Thunder', 'Nature', 'Rain', 'Storm', 'Nature', 'Rain', 'Storm']"
148,          Bubbling volcano lava      ,https://assets.mixkit.co/sfx/preview/mixkit-bubbling-volcano-lava-2440.mp3,"['Bubbles', 'Ambience', 'Volcano', 'Volcano']"
149,          Erupting volcano      ,https://assets.mixkit.co/sfx/preview/mixkit-erupting-volcano-2441.mp3,"['Ambience', 'Volcano']"
150,          Erupting volcano lava      ,https://assets.mixkit.co/sfx/preview/mixkit-erupting-volcano-lava-2442.mp3,"['Ambience', 'Volcano']"
151,          Volcano eruption with lava flow      ,https://assets.mixkit.co/sfx/preview/mixkit-volcano-eruption-with-lava-flow-2443.mp3,"['Ambience', 'Nature', 'Volcano', 'Volcano']"
152,          Bubbling volcano lava flow      ,https://assets.mixkit.co/sfx/preview/mixkit-bubbling-volcano-lava-flow-2444.mp3,"['Ambience', 'Volcano']"
153,          Sounds of the river and birds      ,https://assets.mixkit.co/sfx/preview/mixkit-sounds-of-the-river-and-birds-2453.mp3,"['Ambience', 'Bird', 'Jungle', 'Rivers', 'Rivers']"
154,          Morning birds      ,https://assets.mixkit.co/sfx/preview/mixkit-morning-birds-2472.mp3,"['Ambience', 'Nature', 'Bird', 'Morning', 'Morning']"
155,          Light rain atmosphere      ,https://assets.mixkit.co/sfx/preview/mixkit-light-rain-atmosphere-2474.mp3,"['Ambience', 'Rain', 'Night']"
156,          Seagull Ambience      ,https://audio-previews.elements.envatousercontent.com/files/227493802/preview.mp3?response-content-disposition=attachment%3B+filename%3D%22R8EVHD3-seagull-ambience.mp3%22,[]
157,          Underwater Ambience       ,https://audio-previews.elements.envatousercontent.com/files/187799459/preview.mp3?response-content-disposition=attachment%3B+filename%3D%22ATMSUWX-underwater-ambience.mp3%22,[]
158,          Refrigerator Ambience      ,https://audio-previews.elements.envatousercontent.com/files/106610708/preview.mp3?response-content-disposition=attachment%3B+filename%3D%22M3TBNJW-refrigerator-ambience.mp3%22,[]
159,          Terror night ambiance      ,https://assets.mixkit.co/sfx/preview/mixkit-terror-night-ambiance-2481.mp3,"['Ambience', 'Terror', 'Night']"
160,          Horror ambience      ,https://assets.mixkit.co/sfx/preview/mixkit-horror-ambience-2482.mp3,"['Horror', 'Ambience', 'Terror', 'Scary Woods', 'Night', 'Scary Woods', 'Night']"
161,          Scary forest at night      ,https://assets.mixkit.co/sfx/preview/mixkit-scary-forest-at-night-2486.mp3,"['Ambience', 'Terror', 'Forest', 'Scary Woods', 'Scary Woods']"
162,          Damp cavern ambience      ,https://assets.mixkit.co/sfx/preview/mixkit-damp-cavern-ambience-2499.mp3,"['Wind', 'Water', 'Ambience']"
163,          Creepy tomb ambience      ,https://assets.mixkit.co/sfx/preview/mixkit-creepy-tomb-ambience-2500.mp3,"['Wind', 'Halloween', 'Terror', 'Ambience', 'Ambience']"
164,          Sci Fi computer technology      ,https://assets.mixkit.co/sfx/preview/mixkit-sci-fi-computer-technology-2501.mp3,"['High Tech', 'Technology', 'Ambience', 'Ambience']"
165,          Restaurant background ambience      ,https://assets.mixkit.co/sfx/preview/mixkit-restaurant-background-ambience-2502.mp3,"['Voices', 'Human', 'Ambience']"
166,          Futuristic technology room ambience      ,https://assets.mixkit.co/sfx/preview/mixkit-futuristic-technology-room-ambience-2503.mp3,"['High Tech', 'Technology', 'Ambience', 'Ambience']"
167,          Industrial machine hum      ,https://assets.mixkit.co/sfx/preview/mixkit-industrial-machine-hum-2504.mp3,"['Hum', 'Technology', 'Wind', 'Ambience', 'Ambience']"
168,          Urban ambience during the day      ,https://assets.mixkit.co/sfx/preview/mixkit-urban-ambience-during-the-day-2505.mp3,"['Wind', 'Nature', 'Ambience']"
169,          Futuristic technology workshop ambience      ,https://assets.mixkit.co/sfx/preview/mixkit-futuristic-technology-workshop-ambience-2506.mp3,"['Run', 'Robot', 'High Tech', 'Technology', 'Ambience', 'Technology', 'Ambience']"
170,          Futuristic Sci Fi computer ambience      ,https://assets.mixkit.co/sfx/preview/mixkit-futuristic-sci-fi-computer-ambience-2507.mp3,"['Robot', 'High Tech', 'Technology', 'Ambience', 'Technology', 'Ambience']"
171,          Metal industry ambience      ,https://assets.mixkit.co/sfx/preview/mixkit-metal-industry-ambience-2509.mp3,"['Terror', 'Ambience']"
172,          Cinematic suspense ambience      ,https://assets.mixkit.co/sfx/preview/mixkit-cinematic-suspense-ambience-2510.mp3,"['Suspense Music', 'Terror', 'Cinematic', 'Ambience', 'Cinematic', 'Ambience']"
173,          Urban tram station ambience      ,https://assets.mixkit.co/sfx/preview/mixkit-urban-tram-station-ambience-2676.mp3,"['Ambience', 'Traffic', 'City', 'Transport', 'Tram', 'Transport', 'Tram']"
174,          Bus interior ambience with people      ,https://assets.mixkit.co/sfx/preview/mixkit-bus-interior-ambience-with-people-2707.mp3,"['Ambience', 'Voices', 'Transport', 'Bus', 'Transport', 'Bus']"
175,          Bus station ambience      ,https://assets.mixkit.co/sfx/preview/mixkit-bus-station-ambience-2708.mp3,"['Ambience', 'City', 'Transport', 'Bus', 'Bus']"
176,          Bus station environment      ,https://assets.mixkit.co/sfx/preview/mixkit-bus-station-environment-2711.mp3,"['Footsteps', 'Ambience', 'Transport', 'Bus', 'Transport', 'Bus']"
177,          Tactical drone ambience      ,https://assets.mixkit.co/sfx/preview/mixkit-tactical-drone-ambience-2744.mp3,"['Suspense Music', 'Ambience', 'Engine', 'Drone', 'Engine', 'Drone']"
178,          Future city urban ambience      ,https://assets.mixkit.co/sfx/preview/mixkit-future-city-urban-ambience-2926.mp3,"['Ambience', 'Terror', 'City']"
179,          Urban ambience with traffic      ,https://assets.mixkit.co/sfx/preview/mixkit-urban-ambience-with-traffic-2929.mp3,"['Ambience', 'Traffic', 'City']"
180,          City traffic background ambience      ,https://assets.mixkit.co/sfx/preview/mixkit-city-traffic-background-ambience-2930.mp3,"['Ambience', 'Traffic', 'City']"
181,          City traffic ambience      ,https://assets.mixkit.co/sfx/preview/mixkit-city-traffic-ambience-2931.mp3,"['Tram', 'Ambience', 'City']"
182,          Urban park and traffic      ,https://assets.mixkit.co/sfx/preview/mixkit-urban-park-and-traffic-2932.mp3,"['Bird', 'Ambience', 'Traffic', 'City', 'City']"
183,          People indoors ambience      ,https://assets.mixkit.co/sfx/preview/mixkit-people-indoors-ambience-2981.mp3,"['Voices', 'Human', 'Ambience', 'Hall', 'Hall']"
184,          Nature ambience with lightning strike and thunder      ,https://assets.mixkit.co/sfx/preview/mixkit-nature-ambience-with-lightning-strike-and-thunder-3093.mp3,"['Lightning', 'Thunder', 'Ambience', 'Safari', 'Ambience', 'Safari']"
